state,year,raw_values,pdf_page,y_position
Andhra Pradesh,2015,832|1410|2242|6209|7532|1323|9018|7619|7278|8678,149,148.58
Andhra Pradesh,2016,860|1496|2356|6077|7418|1341|9003|7573|7294|8724,149,157.34
Andhra Pradesh,2017,940|1443|2383|6048|7445|1397|8999|7490|7297|8807,149,166.1
Andhra Pradesh,2018,936|1446|2383|6049|7297|1248|8997|7495|7299|8802,149,174.86
Andhra Pradesh,2019,926|1452|2377|5884|7287|1403|8828|7335|7305|8797,149,183.62
Andhra Pradesh,2020,885|1460|2345|5915|7407|1492|8817|7375|7307|8749,149,192.38
Andhra Pradesh,2021,894|1499|2393|6038|7328|1290|8987|7537|7309|8759,149,201.14
Andhra Pradesh,2022,952|1745|2696|5725|6744|1019|8979|7470|7318|8827,149,209.9
Andhra Pradesh,2023,1035|2429|3464|4955|5744|788|8977|7384|7320|8913,149,218.66
Andhra Pradesh,2024,1039|1460|2499|5914|6723|809|8969|7374|7327|8923,149,227.42
Arunachal Pradesh,2015,64|36|100|227|301|75|423|262|6805|6966,149,250.46
Arunachal Pradesh,2016,62|33|96|232|313|81|423|265|6805|6963,149,259.22
Arunachal Pradesh,2017,62|34|96|233|316|84|424|267|6749|6906,149,267.98
Arunachal Pradesh,2018,61|33|95|234|320|86|424|267|6749|6905,149,276.74
Arunachal Pradesh,2019,61|33|94|235|320|86|424|267|6723|6879,149,285.5
Arunachal Pradesh,2020,61|33|94|242|328|86|431|275|6723|6879,149,294.26
Arunachal Pradesh,2021,61|33|94|243|338|95|431|276|6723|6878,149,303.02
Arunachal Pradesh,2022,57|33|90|253|343|90|431|286|6723|6868,149,311.78
Arunachal Pradesh,2023,54|32|86|258|348|90|431|291|6723|6863,149,320.54
Arunachal Pradesh,2024,52|32|84|264|354|90|431|296|6667|6803,149,329.3
Assam,2015,88|94|182|2801|4060|1258|3343|2896|4501|4948,149,346.82
Assam,2016,92|105|197|2774|4087|1314|3337|2879|4507|4965,149,355.58
Assam,2017,93|106|199|2723|4045|1323|3302|2829|4542|5015,149,364.34
Assam,2018,92|108|199|2723|4004|1281|3305|2831|4539|5013,149,373.1
Assam,2019,99|117|217|2699|3975|1275|3296|2817|4548|5027,149,381.86
Assam,2020,94|114|208|2724|3888|1165|3295|2838|4536|4993,149,390.62
Assam,2021,96|114|210|2749|3872|1123|3321|2863|4510|4968,149,399.38
Assam,2022,96|112|208|2744|4034|1290|3315|2856|4515|4973,149,408.14
Assam,2023,93|107|200|2756|4122|1365|3312|2863|4517|4966,149,416.9
Assam,2024,92|100|192|2759|4084|1325|3304|2859|4525|4970,149,425.66
Bihar,2015,119|961|1081|5205|7572|2368|6578|6166|2782|3193,149,443.18
Bihar,2016,119|868|987|5293|7654|2361|6572|6161|2787|3199,149,451.94
Bihar,2017,119|919|1038|5242|7525|2283|6573|6161|2787|3198,149,460.7
Bihar,2018,118|995|1113|5167|7406|2239|6573|6162|2787|3198,149,469.46
Bihar,2019,118|1069|1186|5077|7297|2220|6557|6146|2802|3214,149,478.22
Bihar,2020,173|1028|1202|5045|7265|2219|6541|6073|2819|3286,149,486.98
Bihar,2021,174|1003|1177|5070|7329|2258|6542|6073|2818|3286,149,495.74
Bihar,2022,176|961|1137|5113|7268|2155|6545|6074|2815|3286,149,504.5
Bihar,2023,156|784|940|5314|7836|2522|6548|6098|2811|3261,149,513.26
Bihar,2024,142|714|857|5412|8207|2795|6560|6126|2799|3233,149,522.02
Chandigarh,2015,0|0|0|1|1|0|1|1|6|6,153,635.06
Chandigarh,2016,0|0|0|1|1|0|1|1|6|6,153,643.82
Chandigarh,2017,0|0|0|1|2|1|1|1|6|6,153,652.58
Chandigarh,2018,0|0|0|1|1|0|1|1|6|6,153,661.34
Chandigarh,2019,0|0|0|1|3|1|1|1|8|8,153,670.1
Chandigarh,2020,0|0|0|1|2|1|1|1|8|8,153,678.86
Chandigarh,2021,0|0|0|1|2|1|1|1|8|8,153,687.62
Chandigarh,2022,0|0|0|1|2|1|1|1|8|8,153,696.38
Chandigarh,2023,0|0|0|1|1|0|1|1|8|8,153,705.14
Chandigarh,2024,0|0|0|1|2|1|1|1|6|6,153,713.9
Chhattisgarh,2015,263|281|545|4651|5640|989|5561|4932|8228|8858,149,544.22
Chhattisgarh,2016,257|273|530|4664|5673|1009|5558|4937|8232|8853,149,552.98
Chhattisgarh,2017,252|290|542|4653|5540|887|5562|4943|8228|8847,149,561.74
Chhattisgarh,2018,256|266|522|4679|5614|934|5570|4945|8218|8843,149,570.5
Chhattisgarh,2019,256|291|547|4635|5735|1099|5551|4926|8237|8862,149,579.26
Chhattisgarh,2020,255|301|556|4623|5712|1090|5542|4923|8503|9121,149,588.02
Chhattisgarh,2021,256|280|535|4631|5704|1073|5552|4911|8538|9180,149,596.78
Chhattisgarh,2022,269|311|580|4592|5596|1003|5556|4903|8573|9226,149,605.54
Chhattisgarh,2023,255|297|552|4616|5524|907|5554|4913|8578|9219,149,614.3
Chhattisgarh,2024,263|287|550|4624|5543|919|5564|4910|8563|9217,149,623.06
Dadra & Nagar Haveli,2015,2|2|4|19|23|5|24|21|25|28,154,213.02
Dadra & Nagar Haveli,2016,2|2|5|19|23|4|24|21|25|28,154,221.78
Dadra & Nagar Haveli,2017,2|2|4|19|23|4|24|21|25|28,154,230.54
Dadra & Nagar Haveli,2018,0|0|0|20|20|0|20|20|24|24,154,239.3
Daman & Diu,2015,0|0|0|3|3|0|3|3|0|0,154,256.82
Daman & Diu,2016,0|0|0|3|3|0|3|3|0|0,154,265.58
Daman & Diu,2017,0|0|0|3|3|0|3|3|0|0,154,274.34
Daman & Diu,2018,0|0|0|3|3|0|3|3|0|0,154,283.1
Delhi,2015,8|12|20|22|58|37|53|34|95|114,154,300.62
Delhi,2016,8|12|20|22|57|35|53|34|95|114,154,309.38
Delhi,2017,8|12|20|22|59|37|53|34|95|114,154,318.14
Delhi,2018,8|12|20|22|59|37|53|34|95|114,154,326.9
Delhi,2019,8|12|22|58|36|53|34|113|132,154,335.66
Delhi,2020,8|12|20|22|58|37|53|34|113|132,154,344.42
Delhi,2021,8|12|20|58|37|53|34|113|132,154,353.18
Delhi,2022,19|19|22|52|30|52|22|112|143,154,361.94
Delhi,2023,19|19|28|47|19|59|28|112|143,154,370.7
Delhi,2024,19|0|19|28|47|19|58|28|93|123,154,379.46
Goa,2015,14|14|130|157|27|197|144|164|217,149,640.58
Goa,2016,14|14|130|155|25|197|144|164|217,149,649.34
Goa,2017,15|15|129|152|23|197|144|164|217,149,658.1
Goa,2018,16|16|128|150|22|197|144|164|217,149,666.86
Goa,2019,4|5|8|127|147|141|131|221|230,149,675.62
Goa,2020,4|5|8|126|144|18|140|131|221|230,149,684.38
Goa,2021,4|5|8|127|144|18|141|131|221|230,149,693.14
Goa,2022,4|5|8|126|144|18|139|130|221|230,149,701.9
Goa,2023,4|5|8|127|145|19|141|131|220|229,149,710.66
Gujarat,2015,19602|18810|2106|1363|2108|3472|804|2|1959|2766,150,153.02
Gujarat,2016,19602|18810|2109|1376|2074|3450|802|5|1933|2741,150,161.78
Gujarat,2017,19602|18810|2121|1402|2069|3471|804|5|1923|2732,150,170.54
Gujarat,2018,19602|18810|2118|1416|2077|3492|803|4|1903|2711,150,179.3
Gujarat,2019,19624|18810|2119|1420|2077|3496|807|4|1901|2712,150,188.06
Gujarat,2020,19624|18810|2051|1423|2087|3510|787|11|1876|2674,150,196.82
Gujarat,2021,19624|18810|2052|1462|2080|3542|788|10|1917|2716,150,205.58
Gujarat,2022,19624|18810|2058|1520|2078|3597|787|9|1766|2562,150,214.34
Gujarat,2023,19624|18810|2058|1573|2077|3649|785|9|1721|2514,150,223.1
Gujarat,2024,19624|18810|2081|1612|2099|3711|785|9|1724|2518,150,231.86
Haryana,2015,4421|4371|41|395|113|508|25|8|44|78,150,249.38
Haryana,2016,4421|4371|40|436|128|564|24|8|35|68,150,258.14
Haryana,2017,4421|4371|36|436|117|553|24|6|49|79,150,266.9
Haryana,2018,4421|4371|35|156|289|445|74|21|54|149,150,275.66
Haryana,2019,4421|4371|36|166|199|366|175|34|63|273,150,284.42
Haryana,2020,4421|4371|32|168|171|339|153|37|65|255,150,293.18
Haryana,2021,4421|4371|32|168|171|339|153|37|65|255,150,301.94
Haryana,2022,4421|4354|31|154|138|292|81|36|122|239,150,310.7
Haryana,2023,4421|4317|31|187|183|370|63|28|103|194,150,319.46
Haryana,2024,4421|4425|30|155|162|317|48|181|103|332,150,328.22
Himachal Pradesh,2015,5567|4577|1127|359|774|1132|1502|69|119|1690,150,349.82
Himachal Pradesh,2016,5567|4578|1125|352|779|1131|1508|67|122|1696,150,358.58
Himachal Pradesh,2017,5567|4577|1124|359|777|1136|1501|68|120|1689,150,367.34
Himachal Pradesh,2018,5567|4577|1125|358|774|1133|1502|71|120|1692,150,376.1
Himachal Pradesh,2019,5567|4577|1123|366|767|1133|1500|70|118|1688,150,384.86
Himachal Pradesh,2020,5567|4578|1124|365|766|1131|1503|68|125|1695,150,393.62
Himachal Pradesh,2021,5567|4577|1144|366|771|1137|1466|70|130|1665,150,402.38
Himachal Pradesh,2022,5567|4578|1144|362|771|1133|1458|70|131|1659,150,411.14
Himachal Pradesh,2023,5567|4579|1144|370|776|1146|1461|71|135|1667,150,419.9
Himachal Pradesh,2024,5567|4582|1147|369|780|1149|1461|71|133|1665,150,428.66
Jammu & Kashmir,2015,20|114|134|754|1159|405|1077|868|2981|3189,154,400.1
Jammu & Kashmir,2016,22|101|124|757|1177|420|1078|858|2980|3199,154,408.86
Jammu & Kashmir,2017,26|105|131|752|1165|413|1081|857|3039|3263,154,417.62
Jammu & Kashmir,2018,36|121|157|713|1124|411|1091|835|3038|3295,154,426.38
Jammu & Kashmir,2019,37|97|135|720|1090|370|1071|817|2774|3028,154,435.14
Jammu & Kashmir,2020,38|82|120|736|1112|376|1074|818|2771|3028,154,443.9
Jammu & Kashmir,2021,37|88|125|733|1134|401|1075|821|2768|3023,154,452.66
Jammu & Kashmir,2022,37|98|136|733|1134|400|1094|832|2763|3026,154,461.42
Jammu & Kashmir,2023,40|95|134|738|1126|388|1095|833|2771|3033,154,470.18
Jammu & Kashmir,2024,41|102|143|729|1128|399|1097|831|1273|1539,154,478.94
Jharkhand,2015,7972|7970|2239|716|586|1302|116|100|363|579,150,446.18
Jharkhand,2016,7972|7970|2239|670|583|1253|110|102|352|565,150,454.94
Jharkhand,2017,7972|7970|2239|696|584|1281|127|121|368|616,150,463.7
Jharkhand,2018,7972|7970|2239|705|579|1285|127|146|380|653,150,472.46
Jharkhand,2019,7972|7970|2239|736|584|1320|131|144|369|643,150,481.22
Jharkhand,2020,7972|7970|2239|700|580|1280|132|125|406|663,150,489.98
Jharkhand,2021,7972|7970|2239|690|586|1276|131|126|382|640,150,498.74
Jharkhand,2022,7972|7970|2239|720|568|1288|131|133|387|652,150,507.5
Jharkhand,2023,7972|7970|2239|720|568|1288|131|133|390|655,150,516.26
Jharkhand,2024,7972|7970|2239|720|568|1288|131|133|390|655,150,525.02
Karnataka,2015,19179|19050|3073|1476|793|2269|907|276|409|1592,150,542.54
Karnataka,2016,19179|19050|3073|1495|793|2288|905|275|400|1581,150,551.3
Karnataka,2017,19179|19050|3073|1501|793|2294|905|274|400|1579,150,560.06
Karnataka,2018,19179|19050|3073|1505|769|2274|872|251|403|1527,150,568.82
Karnataka,2019,19179|19050|3073|1511|752|2263|871|238|390|1499,150,577.58
Karnataka,2020,19179|19050|3073|1516|743|2259|872|212|393|1477,150,586.34
Karnataka,2021,19179|19050|3074|1524|742|2266|874|211|394|1479,150,595.1
Karnataka,2022,19179|19050|3073|1553|740|2293|872|178|308|1358,150,603.86
Karnataka,2023,19179|19050|3073|1573|740|2312|872|177|315|1363,150,612.62
Karnataka,2024,19179|19050|3073|1589|740|2328|872|182|311|1365,150,621.38
Kerala,2015,3886|3886|1082|541|13|554|3|99|102,150,638.9
Kerala,2016,3886|3886|1082|546|12|558|2|101|104,150,647.66
Kerala,2017,3886|3886|1082|548|11|559|2|96|99,150,656.42
Kerala,2018,3886|3886|1082|559|10|570|2|96|99,150,665.18
Kerala,2019,3885|3886|1082|562|11|572|2|100|102,150,673.94
Kerala,2020,3885|3886|1082|567|10|576|2|94|96,150,682.7
Kerala,2021,3885|3886|1082|572|10|581|2|88|91,150,691.46
Kerala,2022,3886|3886|1082|595|9|604|2|95|97,150,700.22
Kerala,2023,3886|3886|1082|610|9|619|2|102|104,150,708.98
Kerala,2024,3886|3886|1082|618|9|627|2|104|106,150,717.74
Ladakh,2019,1|1|2|22|1|28|21|264|271,154,496.46
Ladakh,2020,1|1|2|20|22|1|28|265|272,154,505.22
Ladakh,2021,1|1|2|20|1|28|21|264|271,154,513.98
Ladakh,2022,1|2|3|22|1|32|24|263|271,154,522.74
Ladakh,2023,1|2|3|22|23|1|32|263|271,154,531.5
Ladakh,2024,1|2|3|22|23|1|32|24|39|47,154,540.26
Lakshadweep,2015,2|2|0|2|2|1|1,154,557.78
Lakshadweep,2016,2|2|0|2|2|1|1,154,566.54
Lakshadweep,2017,2|2|0|2|2|1|1,154,575.3
Lakshadweep,2018,3|3|0|3|3|0|0,154,584.06
Lakshadweep,2019,2|2|0|2|2|3|3,154,592.82
Lakshadweep,2020,2|2|0|2|2|3|3,154,601.58
Lakshadweep,2021,2|2|0|2|2|3|3,154,610.34
Lakshadweep,2022,2|2|0|2|2|3|3,154,619.1
Lakshadweep,2023,2|2|0|2|2|3|3,154,627.86
Lakshadweep,2024,0|0|2|2|0|2|2|1|1,154,636.62
Madhya Pradesh,2015,507|561|1068|15149|23714|8565|17250|15710|13507|15046,151,149.42
Madhya Pradesh,2016,481|500|981|15228|24214|8986|17231|15728|13525|15028,151,158.18
Madhya Pradesh,2017,486|543|1029|15191|25114|9923|17207|15733|13549|15023,151,166.94
Madhya Pradesh,2018,467|493|960|15205|26115|10910|17121|15699|13636|15058,151,175.7
Madhya Pradesh,2019,401|374|775|15512|28277|12765|17183|15886|13569|14866,151,184.46
Madhya Pradesh,2020,356|404|760|15800|29903|14103|17449|16204|13308|14553,151,193.22
Madhya Pradesh,2021,357|344|701|15823|30049|14226|17432|16167|13324|14590,151,201.98
Madhya Pradesh,2022,351|325|675|15848|30117|14269|17442|16172|13314|14584,151,210.74
Madhya Pradesh,2023,401|399|801|15640|30265|14625|17423|16039|13333|14717,151,219.5
Madhya Pradesh,2024,402|499|901|15545|30109|14564|17402|16044|13354|14712,151,228.26
Maharashtra,2015,1255|1477|2732|17192|23467|6275|21062|18669|9696|12089,151,246.26
Maharashtra,2016,1258|1401|2659|16910|23947|7037|20748|18312|10011|12447,151,255.02
Maharashtra,2017,1262|1366|2628|16943|23109|6166|20751|18309|9992|12434,151,263.78
Maharashtra,2018,1260|1448|2708|16815|22194|5379|20719|18263|10039|12495,151,272.54
Maharashtra,2019,1215|1444|2659|16722|23856|7134|20589|18166|10169|12592,151,281.3
Maharashtra,2020,1214|1438|2652|16650|24917|8266|20509|18089|10249|12670,151,290.06
Maharashtra,2021,1203|1456|2658|16590|25730|9140|20466|18046|10292|12712,151,298.82
Maharashtra,2022,1195|1477|2671|16491|25375|8884|20394|17968|10364|12790,151,307.58
Maharashtra,2023,1158|1443|2602|16571|24133|7562|20391|18014|10382|12758,151,316.34
Maharashtra,2024,1152|1443|2595|16543|25112|8570|20371|17986|10388|12774,151,325.1
Manipur,2015,0|0|0|437|437|444|437|1728|1734,151,342.62
Manipur,2016,0|0|0|469|469|476|469|1728|1734,151,351.38
Manipur,2017,0|0|0|446|446|453|446|1713|1720,151,360.14
Manipur,2018,0|0|0|441|441|448|442|1713|1720,151,368.9
Manipur,2019,0|0|0|331|331|338|331|1688|1695,151,377.66
Manipur,2020,0|0|0|410|410|417|410|1688|1695,151,386.42
Manipur,2021,0|0|0|393|393|399|393|1688|1695,151,395.18
Manipur,2022,0|0|0|382|382|389|382|1688|1695,151,403.94
Manipur,2023,0|0|0|382|382|389|382|1688|1695,151,412.7
Manipur,2024,0|0|0|187|275|88|194|187|1688|1695,151,421.46
Meghalaya,2015,153|60|213|245|303|57|1008|305|1185|1887,151,438.98
Meghalaya,2016,154|60|214|252|309|56|1015|312|1181|1884,151,447.74
Meghalaya,2017,153|58|211|253|309|56|1013|311|1183|1885,151,456.5
Meghalaya,2018,153|57|210|255|312|57|1011|312|1185|1884,151,465.26
Meghalaya,2019,153|58|211|255|313|58|1010|313|1185|1883,151,474.02
Meghalaya,2020,154|58|212|253|309|56|1010|312|1185|1884,151,482.78
Meghalaya,2021,154|54|207|269|325|56|1015|323|1189|1881,151,491.54
Meghalaya,2022,150|53|203|274|330|56|1014|327|1190|1876,151,500.3
Meghalaya,2023,150|53|203|274|366|92|1014|327|1190|1876,151,509.06
Meghalaya,2024,150|53|203|274|366|92|1014|327|1190|1876,151,517.82
Mizoram,2015,127|47|174|145|188|44|367|191|1672|1848,151,535.34
Mizoram,2016,127|47|174|145|186|42|367|191|1672|1848,151,544.1
Mizoram,2017,127|47|174|145|188|44|367|191|1672|1848,151,552.86
Mizoram,2018,127|47|174|145|187|42|367|191|1672|1848,151,561.62
Mizoram,2019,127|47|174|145|195|50|367|191|1672|1848,151,570.38
Mizoram,2020,127|47|174|145|206|61|367|191|1672|1848,151,579.14
Mizoram,2021,127|47|174|145|206|62|367|191|1672|1848,151,587.9
Mizoram,2022,127|47|174|145|206|62|367|191|1672|1848,151,596.66
Mizoram,2023,107|37|144|198|201|3|391|235|1669|1825,151,605.42
Mizoram,2024,3|5|8|145|202|57|165|150|1848|1863,151,614.18
Nagaland,2015,100|50|150|384|504|120|695|434|958|1219,151,631.7
Nagaland,2016,106|47|153|385|521|137|694|431|958|1221,151,640.46
Nagaland,2017,110|44|153|385|530|145|694|428|958|1224,151,649.22
Nagaland,2018,111|49|160|384|529|145|678|432|975|1221,151,657.98
Nagaland,2019,112|48|160|384|530|146|676|432|978|1222,151,666.74
Nagaland,2020,112|47|159|386|532|146|674|433|981|1222,151,675.5
Nagaland,2021,186|92|278|265|319|54|672|357|984|1300,151,684.26
Nagaland,2022,121|59|180|361|471|110|669|419|987|1237,151,693.02
Nagaland,2023,119|58|177|366|481|115|668|424|989|1233,151,701.78
Nagaland,2024,125|63|187|356|468|112|666|419|990|1238,151,710.54
Nicobar Islands,2015,3|3|6|15|48|33|28|17|730|740,153,538.7
Nicobar Islands,2016,3|3|6|15|44|30|28|730|740,153,547.46
Nicobar Islands,2017,3|3|6|15|49|34|28|17|730|740,153,556.22
Nicobar Islands,2018,3|3|6|15|41|26|28|17|730|740,153,564.98
Nicobar Islands,2019,3|3|6|15|46|31|28|17|687|697,153,573.74
Nicobar Islands,2020,3|3|6|15|40|25|28|17|687|697,153,582.5
Nicobar Islands,2021,3|3|6|15|39|25|28|17|687|697,153,591.26
Nicobar Islands,2022,3|3|6|15|39|25|28|17|687|697,153,600.02
Nicobar Islands,2023,4|1|4|10|16|6|22|11|693|704,153,608.78
Nicobar Islands,2024,4|1|5|11|16|6|23|12|736|748,153,617.54
Odisha,2015,655|1028|1683|4198|4803|605|6648|5226|8779|10201,152,144.26
Odisha,2016,685|1085|1770|4099|4884|785|6690|5184|9254|10760,152,153.02
Odisha,2017,777|1216|1993|3863|4502|639|6745|5079|8679|10345,152,161.78
Odisha,2018,738|1089|1827|4006|4527|521|6675|5095|8756|10336,152,170.54
Odisha,2019,705|1055|1760|4102|4670|568|6699|5157|8082|9624,152,179.3
Odisha,2020,672|986|1658|4179|4819|640|6654|5165|8240|9729,152,188.06
Odisha,2021,688|943|1632|4322|4997|676|6782|5265|8063|9580,152,196.82
Odisha,2022,704|908|1613|4269|5014|745|6742|5178|8199|9763,152,205.58
Odisha,2023,701|903|1604|4307|5168|861|6724|5211|8156|9669,152,214.34
Odisha,2024,678|814|1492|4358|5260|902|6688|5172|4884|6399,152,223.1
Puducherry,2015,3|5|8|15|26|11|29|20|20|28,154,654.14
Puducherry,2016,3|5|8|15|26|11|29|20|20|29,154,662.9
Puducherry,2017,3|4|8|15|26|11|29|19|20|29,154,671.66
Puducherry,2018,3|4|7|15|27|11|28|20|29,154,680.42
Puducherry,2019,3|4|7|15|27|12|28|19|29,154,689.18
Puducherry,2020,3|4|7|15|27|11|28|19|20|29,154,697.94
Puducherry,2021,3|4|6|16|28|12|28|20|21|29,154,706.7
Puducherry,2022,3|3|6|16|30|13|28|19|21|29,154,715.46
Punjab,2015,6|77|82|4137|7872|3734|4245|4214|788|819,152,240.62
Punjab,2016,6|78|84|4130|7804|3674|4237|4208|796|824,152,249.38
Punjab,2017,6|85|91|4124|7779|3655|4235|4209|798|824,152,258.14
Punjab,2018,6|86|91|4119|7851|3732|4233|4205|800|828,152,266.9
Punjab,2019,5|88|93|4127|7838|3711|4238|4214|795|818,152,275.66
Punjab,2020,5|87|93|4126|7835|3709|4237|4213|796|820,152,284.42
Punjab,2021,5|90|95|4113|7916|3803|4225|4203|807|830,152,293.18
Punjab,2022,5|91|95|4110|8312|4201|4225|4201|806|830,152,301.94
Punjab,2023,5|92|97|4109|8263|4154|4226|4201|806|831,152,310.7
Punjab,2024,5|105|110|4103|8139|4036|4232|4208|807|832,152,319.46
Rajasthan,2015,1966|1597|3563|18024|25014|6989|25504|19622|8764|14646,152,336.98
Rajasthan,2016,1983|1491|3474|18169|26036|7867|25496|19659|8783|14619,152,345.74
Rajasthan,2017,1992|1742|3734|17903|25069|7166|25493|19645|8794|14642,152,354.5
Rajasthan,2018,2106|1789|3895|17778|25313|7535|25484|19567|8803|14720,152,363.26
Rajasthan,2019,2142|1555|3698|18032|27515|9484|25475|19587|8816|14703,152,372.02
Rajasthan,2020,2093|1675|3768|17948|26100|8152|25473|19623|8816|14666,152,380.78
Rajasthan,2021,2040|1585|3625|18130|27442|9312|25463|19715|8829|14578,152,389.54
Rajasthan,2022,1946|1502|3449|18423|28171|9749|25464|19925|8817|14357,152,398.3
Rajasthan,2023,1961|1730|3692|18198|27696|9498|25446|19928|8816|14334,152,407.06
Rajasthan,2024,1931|1792|3723|18209|28193|9984|25442|20001|8902|14343,152,415.82
Sikkim,2015,5|7|12|77|137|59|97|84|346|358,152,433.34
Sikkim,2016,5|7|12|77|146|69|97|84|346|358,152,442.1
Sikkim,2017,5|7|12|77|153|75|97|84|344|357,152,450.86
Sikkim,2018,5|7|12|77|162|85|97|84|344|357,152,459.62
Sikkim,2019,5|7|12|77|162|85|97|84|344|357,152,468.38
Sikkim,2020,5|7|12|77|140|63|97|84|344|357,152,477.14
Sikkim,2021,5|7|12|77|140|63|97|84|344|357,152,485.9
Sikkim,2022,6|3|9|83|139|56|103|86|387|405,152,494.66
Sikkim,2023,6|3|9|83|139|56|103|86|387|405,152,503.42
Sikkim,2024,5|4|9|88|111|23|110|92|206|224,152,512.18
Tamil Nadu,2015,1729|989|2718|4833|6074|1241|8110|5822|4923|7211,152,529.7
Tamil Nadu,2016,1848|1361|3208|4347|5129|782|8110|5708|4923|7325,152,538.46
Tamil Nadu,2017,1933|992|2925|4639|5730|1091|8110|5630|4923|7403,152,547.22
Tamil Nadu,2018,1931|1047|2978|4582|5672|1090|8109|5630|4924|7403,152,555.98
Tamil Nadu,2019,1906|920|2827|4738|5942|1204|8108|5659|4925|7374,152,564.74
Tamil Nadu,2020,1865|893|2758|4833|6156|1322|8106|5726|4927|7307,152,573.5
Tamil Nadu,2021,1864|800|2664|4909|6348|1439|8105|5709|4928|7324,152,582.26
Tamil Nadu,2022,1905|858|2763|4838|6419|1582|8105|5695|4928|7338,152,591.02
Tamil Nadu,2023,1866|961|2827|4756|6117|1360|8104|5718|4929|7316,152,599.78
Tamil Nadu,2024,1899|856|2755|4827|6225|1399|8104|5683|4929|7351,152,608.54
Telangana,2015,822|1578|2400|4175|4893|719|6870|5753|4338|5455,152,626.06
Telangana,2016,669|1015|1684|4774|5970|1196|6752|5789|4456|5418,152,634.82
Telangana,2017,662|916|1578|4898|6059|1161|6770|5814|4438|5394,152,643.58
Telangana,2018,751|1064|1815|4660|5774|1115|6767|5724|4441|5484,152,652.34
Telangana,2019,566|444|1010|5500|7479|1978|6785|5944|4423|5263,152,661.1
Telangana,2020,379|210|589|5927|8479|2553|6717|6137|4491|5071,152,669.86
Telangana,2021,344|553|896|5625|8026|2401|6715|6178|4493|5030,152,678.62
Telangana,2022,315|333|648|5897|9278|3382|6735|6230|4473|4978,152,687.38
Telangana,2023,283|692|975|5564|8486|2921|6728|6256|4480|4951,152,696.14
Telangana,2024,291|631|922|5618|8931|3313|6728|6249|4480|4959,152,704.9
Tripura,2015,2|1|3|255|486|230|272|257|777|793,153,144.26
Tripura,2016,2|1|2|255|491|235|271|256|778|793,153,153.02
Tripura,2017,2|1|2|255|487|232|271|256|778|793,153,161.78
Tripura,2018,1|1|2|256|487|231|270|257|779|793,153,170.54
Tripura,2019,1|1|2|255|487|232|270|256|779|793,153,179.3
Tripura,2020,1|1|2|255|487|232|270|256|779|793,153,188.06
Tripura,2021,1|1|2|255|487|231|270|256|779|793,153,196.82
Tripura,2022,1|1|2|255|485|230|269|256|780|794,153,205.58
Tripura,2023,1|1|2|255|483|228|269|256|780|794,153,214.34
Tripura,2024,1|1|2|253|479|226|267|254|782|796,153,223.1
Uttar Pradesh,2015,547|1161|1708|16469|26203|9734|18863|17630|5307|6541,153,341.66
Uttar Pradesh,2016,520|1090|1610|16564|26949|10385|18848|17654|5323|6516,153,350.42
Uttar Pradesh,2017,552|1061|1613|16542|26864|10322|18826|17602|5344|6568,153,359.18
Uttar Pradesh,2018,594|987|1581|16538|26859|10321|18775|17524|5395|6646,153,367.94
Uttar Pradesh,2019,618|992|1610|16368|27109|10741|18614|17360|5557|6811,153,376.7
Uttar Pradesh,2020,618|992|1610|16368|27109|10741|18614|17360|5557|6811,153,385.46
Uttar Pradesh,2021,596|966|1562|16096|28200|12104|18264|17062|5250|6451,153,394.22
Uttar Pradesh,2022,591|920|1512|16121|28237|12116|18227|17041|5288|6474,153,402.98
Uttar Pradesh,2023,534|821|1355|16365|29783|13418|18237|17187|5854|6904,153,411.74
Uttar Pradesh,2024,441|719|1160|16684|32311|15627|18321|17403|5772|6690,153,420.5
Uttarakhand,2015,86|57|143|698|1083|384|1547|756|4445|5237,153,240.62
Uttarakhand,2016,88|62|150|691|1082|391|1546|752|4447|5240,153,249.38
Uttarakhand,2017,86|73|160|673|1060|386|1550|746|4455|5258,153,258.14
Uttarakhand,2018,89|88|177|648|1029|381|1548|736|4454|5266,153,266.9
Uttarakhand,2019,90|93|183|638|1024|386|1545|731|4456|5271,153,275.66
Uttarakhand,2020,100|92|191|621|997|376|1544|712|4457|5289,153,284.42
Uttarakhand,2021,108|97|205|594|969|376|1541|691|4460|5310,153,293.18
Uttarakhand,2022,152|64|216|568|932|364|1540|633|4461|5369,153,301.94
Uttarakhand,2023,160|47|207|551|907|356|1564|598|4438|5404,153,310.7
Uttarakhand,2024,165|43|208|527|851|323|1562|570|4441|5432,153,319.46
West Bengal,2015,11|328|339|5243|9881|4638|5648|5571|3036|3113,153,438.02
West Bengal,2016,10|313|322|5246|9618|4372|5633|5559|3052|3126,153,446.78
West Bengal,2017,7|308|315|5247|9945|4698|5625|5555|3060|3129,153,455.54
West Bengal,2018,6|301|307|5248|9960|4711|5615|5549|3069|3135,153,464.3
West Bengal,2019,5|300|305|5250|10100|4850|5608|5550|3076|3134,153,473.06
West Bengal,2020,6|259|265|5282|10207|4925|5602|5541|3082|3143,153,481.82
West Bengal,2021,6|254|260|5281|10259|4978|5595|5535|3089|3149,153,490.58
West Bengal,2022,6|314|320|5216|9974|4758|5589|5529|3095|3155,153,499.34
West Bengal,2023,6|278|284|5245|10133|4887|5583|5524|3101|3161,153,508.1
West Bengal,2024,6|244|250|5274|10683|5410|5577|5518|3107|3166,153,516.86
