type,page,state,year,values
numeric,149,,,1|12|13|14|15|16|17|18|19|20|21
numeric,149,,,2015|-16|832|1410|2242|6209|7532|1323|9018|7619|7278|8678
numeric,149,,,2016|-17|860|1496|2356|6077|7418|1341|9003|7573|7294|8724
numeric,149,,,2017|-18|940|1443|2383|6048|7445|1397|8999|7490|7297|8807
numeric,149,,,2018|-19|936|1446|2383|6049|7297|1248|8997|7495|7299|8802
numeric,149,,,2019|-20|926|1452|2377|5884|7287|1403|8828|7335|7305|8797
numeric,149,,,2020|-21|885|1460|2345|5915|7407|1492|8817|7375|7307|8749
numeric,149,,,2021|-22|894|1499|2393|6038|7328|1290|8987|7537|7309|8759
numeric,149,,,2022|-23|952|1745|2696|5725|6744|1019|8979|7470|7318|8827
numeric,149,,,2023|-24|1035|2429|3464|4955|5744|788|8977|7384|7320|8913
numeric,149,,,2024|-25|1039|1460|2499|5914|6723|809|8969|7374|7327|8923
numeric,149,,,2015|-16|64|36|100|227|301|75|423|262|6805|6966
numeric,149,,,2016|-17|62|33|96|232|313|81|423|265|6805|6963
numeric,149,,,2017|-18|62|34|96|233|316|84|424|267|6749|6906
numeric,149,,,2018|-19|61|33|95|234|320|86|424|267|6749|6905
numeric,149,,,2019|-20|61|33|94|235|320|86|424|267|6723|6879
numeric,149,,,2020|-21|61|33|94|242|328|86|431|275|6723|6879
numeric,149,,,2021|-22|61|33|94|243|338|95|431|276|6723|6878
numeric,149,,,2022|-23|57|33|90|253|343|90|431|286|6723|6868
numeric,149,,,2023|-24|54|32|86|258|348|90|431|291|6723|6863
numeric,149,,,2024|-25|52|32|84|264|354|90|431|296|6667|6803
numeric,149,,,2015|-16|88|94|182|2801|4060|1258|3343|2896|4501|4948
numeric,149,,,2016|-17|92|105|197|2774|4087|1314|3337|2879|4507|4965
numeric,149,,,2017|-18|93|106|199|2723|4045|1323|3302|2829|4542|5015
numeric,149,,,2018|-19|92|108|199|2723|4004|1281|3305|2831|4539|5013
numeric,149,,,2019|-20|99|117|217|2699|3975|1275|3296|2817|4548|5027
numeric,149,,,2020|-21|94|114|208|2724|3888|1165|3295|2838|4536|4993
numeric,149,,,2021|-22|96|114|210|2749|3872|1123|3321|2863|4510|4968
numeric,149,,,2022|-23|96|112|208|2744|4034|1290|3315|2856|4515|4973
numeric,149,,,2023|-24|93|107|200|2756|4122|1365|3312|2863|4517|4966
numeric,149,,,2024|-25|92|100|192|2759|4084|1325|3304|2859|4525|4970
numeric,149,,,2015|-16|119|961|1081|5205|7572|2368|6578|6166|2782|3193
numeric,149,,,2016|-17|119|868|987|5293|7654|2361|6572|6161|2787|3199
numeric,149,,,2017|-18|119|919|1038|5242|7525|2283|6573|6161|2787|3198
numeric,149,,,2018|-19|118|995|1113|5167|7406|2239|6573|6162|2787|3198
numeric,149,,,2019|-20|118|1069|1186|5077|7297|2220|6557|6146|2802|3214
numeric,149,,,2020|-21|173|1028|1202|5045|7265|2219|6541|6073|2819|3286
numeric,149,,,2021|-22|174|1003|1177|5070|7329|2258|6542|6073|2818|3286
numeric,149,,,2022|-23|176|961|1137|5113|7268|2155|6545|6074|2815|3286
numeric,149,,,2023|-24|156|784|940|5314|7836|2522|6548|6098|2811|3261
numeric,149,,,2024|-25|142|714|857|5412|8207|2795|6560|6126|2799|3233
numeric,149,,,2015|-16|263|281|545|4651|5640|989|5561|4932|8228|8858
numeric,149,,,2016|-17|257|273|530|4664|5673|1009|5558|4937|8232|8853
numeric,149,,,2017|-18|252|290|542|4653|5540|887|5562|4943|8228|8847
numeric,149,,,2018|-19|256|266|522|4679|5614|934|5570|4945|8218|8843
numeric,149,,,2019|-20|256|291|547|4635|5735|1099|5551|4926|8237|8862
numeric,149,,,2020|-21|255|301|556|4623|5712|1090|5542|4923|8503|9121
numeric,149,,,2021|-22|256|280|535|4631|5704|1073|5552|4911|8538|9180
numeric,149,,,2022|-23|269|311|580|4592|5596|1003|5556|4903|8573|9226
numeric,149,,,2023|-24|255|297|552|4616|5524|907|5554|4913|8578|9219
numeric,149,,,2024|-25|263|287|550|4624|5543|919|5564|4910|8563|9217
numeric,149,,,2015|-16|14|14|130|157|27|197|144|164|217
numeric,149,,,2016|-17|14|14|130|155|25|197|144|164|217
numeric,149,,,2017|-18|15|15|129|152|23|197|144|164|217
numeric,149,,,2018|-19|16|16|128|150|22|197|144|164|217
numeric,149,,,2019|-20|4|5|8|127|147|20|141|131|221|230
numeric,149,,,2020|-21|4|5|8|126|144|18|140|131|221|230
numeric,149,,,2021|-22|4|5|8|127|144|18|141|131|221|230
numeric,149,,,2022|-23|4|5|8|126|144|18|139|130|221|230
numeric,149,,,2023|-24|4|5|8|127|145|19|141|131|220|229
numeric,150,,,1|2|3|4|5|6|7|8|9|10|11
numeric,150,,,2024|-25|370|361|125|93|93|1|1|5|7
numeric,150,,,2015|-16|19602|18810|2106|1363|2108|3472|804|2|1959|2766
numeric,150,,,2016|-17|19602|18810|2109|1376|2074|3450|802|5|1933|2741
numeric,150,,,2017|-18|19602|18810|2121|1402|2069|3471|804|5|1923|2732
numeric,150,,,2018|-19|19602|18810|2118|1416|2077|3492|803|4|1903|2711
numeric,150,,,2019|-20|19624|18810|2119|1420|2077|3496|807|4|1901|2712
numeric,150,,,2020|-21|19624|18810|2051|1423|2087|3510|787|11|1876|2674
numeric,150,,,2021|-22|19624|18810|2052|1462|2080|3542|788|10|1917|2716
numeric,150,,,2022|-23|19624|18810|2058|1520|2078|3597|787|9|1766|2562
numeric,150,,,2023|-24|19624|18810|2058|1573|2077|3649|785|9|1721|2514
numeric,150,,,2024|-25|19624|18810|2081|1612|2099|3711|785|9|1724|2518
numeric,150,,,2015|-16|4421|4371|41|395|113|508|25|8|44|78
numeric,150,,,2016|-17|4421|4371|40|436|128|564|24|8|35|68
numeric,150,,,2017|-18|4421|4371|36|436|117|553|24|6|49|79
numeric,150,,,2018|-19|4421|4371|35|156|289|445|74|21|54|149
numeric,150,,,2019|-20|4421|4371|36|166|199|366|175|34|63|273
numeric,150,,,2020|-21|4421|4371|32|168|171|339|153|37|65|255
numeric,150,,,2021|-22|4421|4371|32|168|171|339|153|37|65|255
numeric,150,,,2022|-23|4421|4354|31|154|138|292|81|36|122|239
numeric,150,,,2023|-24|4421|4317|31|187|183|370|63|28|103|194
numeric,150,,,2024|-25|4421|4425|30|155|162|317|48|181|103|332
numeric,150,,,2015|-16|5567|4577|1127|359|774|1132|1502|69|119|1690
numeric,150,,,2016|-17|5567|4578|1125|352|779|1131|1508|67|122|1696
numeric,150,,,2017|-18|5567|4577|1124|359|777|1136|1501|68|120|1689
numeric,150,,,2018|-19|5567|4577|1125|358|774|1133|1502|71|120|1692
numeric,150,,,2019|-20|5567|4577|1123|366|767|1133|1500|70|118|1688
numeric,150,,,2020|-21|5567|4578|1124|365|766|1131|1503|68|125|1695
numeric,150,,,2021|-22|5567|4577|1144|366|771|1137|1466|70|130|1665
numeric,150,,,2022|-23|5567|4578|1144|362|771|1133|1458|70|131|1659
numeric,150,,,2023|-24|5567|4579|1144|370|776|1146|1461|71|135|1667
numeric,150,,,2024|-25|5567|4582|1147|369|780|1149|1461|71|133|1665
numeric,150,,,2015|-16|7972|7970|2239|716|586|1302|116|100|363|579
numeric,150,,,2016|-17|7972|7970|2239|670|583|1253|110|102|352|565
numeric,150,,,2017|-18|7972|7970|2239|696|584|1281|127|121|368|616
numeric,150,,,2018|-19|7972|7970|2239|705|579|1285|127|146|380|653
numeric,150,,,2019|-20|7972|7970|2239|736|584|1320|131|144|369|643
numeric,150,,,2020|-21|7972|7970|2239|700|580|1280|132|125|406|663
numeric,150,,,2021|-22|7972|7970|2239|690|586|1276|131|126|382|640
numeric,150,,,2022|-23|7972|7970|2239|720|568|1288|131|133|387|652
numeric,150,,,2023|-24|7972|7970|2239|720|568|1288|131|133|390|655
numeric,150,,,2024|-25|7972|7970|2239|720|568|1288|131|133|390|655
numeric,150,,,2015|-16|19179|19050|3073|1476|793|2269|907|276|409|1592
numeric,150,,,2016|-17|19179|19050|3073|1495|793|2288|905|275|400|1581
numeric,150,,,2017|-18|19179|19050|3073|1501|793|2294|905|274|400|1579
numeric,150,,,2018|-19|19179|19050|3073|1505|769|2274|872|251|403|1527
numeric,150,,,2019|-20|19179|19050|3073|1511|752|2263|871|238|390|1499
numeric,150,,,2020|-21|19179|19050|3073|1516|743|2259|872|212|393|1477
numeric,150,,,2021|-22|19179|19050|3074|1524|742|2266|874|211|394|1479
numeric,150,,,2022|-23|19179|19050|3073|1553|740|2293|872|178|308|1358
numeric,150,,,2023|-24|19179|19050|3073|1573|740|2312|872|177|315|1363
numeric,150,,,2024|-25|19179|19050|3073|1589|740|2328|872|182|311|1365
numeric,150,,,2015|-16|3886|3886|1082|541|13|554|3|99|102
numeric,150,,,2016|-17|3886|3886|1082|546|12|558|2|101|104
numeric,150,,,2017|-18|3886|3886|1082|548|11|559|2|96|99
numeric,150,,,2018|-19|3886|3886|1082|559|10|570|2|96|99
numeric,150,,,2019|-20|3885|3886|1082|562|11|572|2|100|102
numeric,150,,,2020|-21|3885|3886|1082|567|10|576|2|94|96
numeric,150,,,2021|-22|3885|3886|1082|572|10|581|2|88|91
numeric,150,,,2022|-23|3886|3886|1082|595|9|604|2|95|97
numeric,150,,,2023|-24|3886|3886|1082|610|9|619|2|102|104
numeric,150,,,2024|-25|3886|3886|1082|618|9|627|2|104|106
numeric,151,,,1|12|13|14|15|16|17|18|19|20|21
numeric,151,,,2015|-16|507|561|1068|15149|23714|8565|17250|15710|13507|15046
numeric,151,,,2016|-17|481|500|981|15228|24214|8986|17231|15728|13525|15028
numeric,151,,,2017|-18|486|543|1029|15191|25114|9923|17207|15733|13549|15023
numeric,151,,,2018|-19|467|493|960|15205|26115|10910|17121|15699|13636|15058
numeric,151,,,2019|-20|401|374|775|15512|28277|12765|17183|15886|13569|14866
numeric,151,,,2020|-21|356|404|760|15800|29903|14103|17449|16204|13308|14553
numeric,151,,,2021|-22|357|344|701|15823|30049|14226|17432|16167|13324|14590
numeric,151,,,2022|-23|351|325|675|15848|30117|14269|17442|16172|13314|14584
numeric,151,,,2023|-24|401|399|801|15640|30265|14625|17423|16039|13333|14717
numeric,151,,,2024|-25|402|499|901|15545|30109|14564|17402|16044|13354|14712
numeric,151,,,2015|-16|1255|1477|2732|17192|23467|6275|21062|18669|9696|12089
numeric,151,,,2016|-17|1258|1401|2659|16910|23947|7037|20748|18312|10011|12447
numeric,151,,,2017|-18|1262|1366|2628|16943|23109|6166|20751|18309|9992|12434
numeric,151,,,2018|-19|1260|1448|2708|16815|22194|5379|20719|18263|10039|12495
numeric,151,,,2019|-20|1215|1444|2659|16722|23856|7134|20589|18166|10169|12592
numeric,151,,,2020|-21|1214|1438|2652|16650|24917|8266|20509|18089|10249|12670
numeric,151,,,2021|-22|1203|1456|2658|16590|25730|9140|20466|18046|10292|12712
numeric,151,,,2022|-23|1195|1477|2671|16491|25375|8884|20394|17968|10364|12790
numeric,151,,,2023|-24|1158|1443|2602|16571|24133|7562|20391|18014|10382|12758
numeric,151,,,2024|-25|1152|1443|2595|16543|25112|8570|20371|17986|10388|12774
numeric,151,,,2015|-16|0|0|0|437|437|444|437|1728|1734
numeric,151,,,2016|-17|0|0|0|469|469|476|469|1728|1734
numeric,151,,,2017|-18|0|0|0|446|446|453|446|1713|1720
numeric,151,,,2018|-19|0|0|0|441|441|448|442|1713|1720
numeric,151,,,2019|-20|0|0|0|331|331|338|331|1688|1695
numeric,151,,,2020|-21|0|0|0|410|410|417|410|1688|1695
numeric,151,,,2021|-22|0|0|0|393|393|399|393|1688|1695
numeric,151,,,2022|-23|0|0|0|382|382|389|382|1688|1695
numeric,151,,,2023|-24|0|0|0|382|382|389|382|1688|1695
numeric,151,,,2024|-25|0|0|0|187|275|88|194|187|1688|1695
numeric,151,,,2015|-16|153|60|213|245|303|57|1008|305|1185|1887
numeric,151,,,2016|-17|154|60|214|252|309|56|1015|312|1181|1884
numeric,151,,,2017|-18|153|58|211|253|309|56|1013|311|1183|1885
numeric,151,,,2018|-19|153|57|210|255|312|57|1011|312|1185|1884
numeric,151,,,2019|-20|153|58|211|255|313|58|1010|313|1185|1883
numeric,151,,,2020|-21|154|58|212|253|309|56|1010|312|1185|1884
numeric,151,,,2021|-22|154|54|207|269|325|56|1015|323|1189|1881
numeric,151,,,2022|-23|150|53|203|274|330|56|1014|327|1190|1876
numeric,151,,,2023|-24|150|53|203|274|366|92|1014|327|1190|1876
numeric,151,,,2024|-25|150|53|203|274|366|92|1014|327|1190|1876
numeric,151,,,2015|-16|127|47|174|145|188|44|367|191|1672|1848
numeric,151,,,2016|-17|127|47|174|145|186|42|367|191|1672|1848
numeric,151,,,2017|-18|127|47|174|145|188|44|367|191|1672|1848
numeric,151,,,2018|-19|127|47|174|145|187|42|367|191|1672|1848
numeric,151,,,2019|-20|127|47|174|145|195|50|367|191|1672|1848
numeric,151,,,2020|-21|127|47|174|145|206|61|367|191|1672|1848
numeric,151,,,2021|-22|127|47|174|145|206|62|367|191|1672|1848
numeric,151,,,2022|-23|127|47|174|145|206|62|367|191|1672|1848
numeric,151,,,2023|-24|107|37|144|198|201|3|391|235|1669|1825
numeric,151,,,2024|-25|3|5|8|145|202|57|165|150|1848|1863
numeric,151,,,2015|-16|100|50|150|384|504|120|695|434|958|1219
numeric,151,,,2016|-17|106|47|153|385|521|137|694|431|958|1221
numeric,151,,,2017|-18|110|44|153|385|530|145|694|428|958|1224
numeric,151,,,2018|-19|111|49|160|384|529|145|678|432|975|1221
numeric,151,,,2019|-20|112|48|160|384|530|146|676|432|978|1222
numeric,151,,,2020|-21|112|47|159|386|532|146|674|433|981|1222
numeric,151,,,2021|-22|186|92|278|265|319|54|672|357|984|1300
numeric,151,,,2022|-23|121|59|180|361|471|110|669|419|987|1237
numeric,151,,,2023|-24|119|58|177|366|481|115|668|424|989|1233
numeric,151,,,2024|-25|125|63|187|356|468|112|666|419|990|1238
numeric,152,,,1|12|13|14|15|16|17|18|19|20|21
numeric,152,,,2015|-16|655|1028|1683|4198|4803|605|6648|5226|8779|10201
numeric,152,,,2016|-17|685|1085|1770|4099|4884|785|6690|5184|9254|10760
numeric,152,,,2017|-18|777|1216|1993|3863|4502|639|6745|5079|8679|10345
numeric,152,,,2018|-19|738|1089|1827|4006|4527|521|6675|5095|8756|10336
numeric,152,,,2019|-20|705|1055|1760|4102|4670|568|6699|5157|8082|9624
numeric,152,,,2020|-21|672|986|1658|4179|4819|640|6654|5165|8240|9729
numeric,152,,,2021|-22|688|943|1632|4322|4997|676|6782|5265|8063|9580
numeric,152,,,2022|-23|704|908|1613|4269|5014|745|6742|5178|8199|9763
numeric,152,,,2023|-24|701|903|1604|4307|5168|861|6724|5211|8156|9669
numeric,152,,,2024|-25|678|814|1492|4358|5260|902|6688|5172|4884|6399
numeric,152,,,2015|-16|6|77|82|4137|7872|3734|4245|4214|788|819
numeric,152,,,2016|-17|6|78|84|4130|7804|3674|4237|4208|796|824
numeric,152,,,2017|-18|6|85|91|4124|7779|3655|4235|4209|798|824
numeric,152,,,2018|-19|6|86|91|4119|7851|3732|4233|4205|800|828
numeric,152,,,2019|-20|5|88|93|4127|7838|3711|4238|4214|795|818
numeric,152,,,2020|-21|5|87|93|4126|7835|3709|4237|4213|796|820
numeric,152,,,2021|-22|5|90|95|4113|7916|3803|4225|4203|807|830
numeric,152,,,2022|-23|5|91|95|4110|8312|4201|4225|4201|806|830
numeric,152,,,2023|-24|5|92|97|4109|8263|4154|4226|4201|806|831
numeric,152,,,2024|-25|5|105|110|4103|8139|4036|4232|4208|807|832
numeric,152,,,2015|-16|1966|1597|3563|18024|25014|6989|25504|19622|8764|14646
numeric,152,,,2016|-17|1983|1491|3474|18169|26036|7867|25496|19659|8783|14619
numeric,152,,,2017|-18|1992|1742|3734|17903|25069|7166|25493|19645|8794|14642
numeric,152,,,2018|-19|2106|1789|3895|17778|25313|7535|25484|19567|8803|14720
numeric,152,,,2019|-20|2142|1555|3698|18032|27515|9484|25475|19587|8816|14703
numeric,152,,,2020|-21|2093|1675|3768|17948|26100|8152|25473|19623|8816|14666
numeric,152,,,2021|-22|2040|1585|3625|18130|27442|9312|25463|19715|8829|14578
numeric,152,,,2022|-23|1946|1502|3449|18423|28171|9749|25464|19925|8817|14357
numeric,152,,,2023|-24|1961|1730|3692|18198|27696|9498|25446|19928|8816|14334
numeric,152,,,2024|-25|1931|1792|3723|18209|28193|9984|25442|20001|8902|14343
numeric,152,,,2015|-16|5|7|12|77|137|59|97|84|346|358
numeric,152,,,2016|-17|5|7|12|77|146|69|97|84|346|358
numeric,152,,,2017|-18|5|7|12|77|153|75|97|84|344|357
numeric,152,,,2018|-19|5|7|12|77|162|85|97|84|344|357
numeric,152,,,2019|-20|5|7|12|77|162|85|97|84|344|357
numeric,152,,,2020|-21|5|7|12|77|140|63|97|84|344|357
numeric,152,,,2021|-22|5|7|12|77|140|63|97|84|344|357
numeric,152,,,2022|-23|6|3|9|83|139|56|103|86|387|405
numeric,152,,,2023|-24|6|3|9|83|139|56|103|86|387|405
numeric,152,,,2024|-25|5|4|9|88|111|23|110|92|206|224
numeric,152,,,2015|-16|1729|989|2718|4833|6074|1241|8110|5822|4923|7211
numeric,152,,,2016|-17|1848|1361|3208|4347|5129|782|8110|5708|4923|7325
numeric,152,,,2017|-18|1933|992|2925|4639|5730|1091|8110|5630|4923|7403
numeric,152,,,2018|-19|1931|1047|2978|4582|5672|1090|8109|5630|4924|7403
numeric,152,,,2019|-20|1906|920|2827|4738|5942|1204|8108|5659|4925|7374
numeric,152,,,2020|-21|1865|893|2758|4833|6156|1322|8106|5726|4927|7307
numeric,152,,,2021|-22|1864|800|2664|4909|6348|1439|8105|5709|4928|7324
numeric,152,,,2022|-23|1905|858|2763|4838|6419|1582|8105|5695|4928|7338
numeric,152,,,2023|-24|1866|961|2827|4756|6117|1360|8104|5718|4929|7316
numeric,152,,,2024|-25|1899|856|2755|4827|6225|1399|8104|5683|4929|7351
numeric,152,,,2015|-16|822|1578|2400|4175|4893|719|6870|5753|4338|5455
numeric,152,,,2016|-17|669|1015|1684|4774|5970|1196|6752|5789|4456|5418
numeric,152,,,2017|-18|662|916|1578|4898|6059|1161|6770|5814|4438|5394
numeric,152,,,2018|-19|751|1064|1815|4660|5774|1115|6767|5724|4441|5484
numeric,152,,,2019|-20|566|444|1010|5500|7479|1978|6785|5944|4423|5263
numeric,152,,,2020|-21|379|210|589|5927|8479|2553|6717|6137|4491|5071
numeric,152,,,2021|-22|344|553|896|5625|8026|2401|6715|6178|4493|5030
numeric,152,,,2022|-23|315|333|648|5897|9278|3382|6735|6230|4473|4978
numeric,152,,,2023|-24|283|692|975|5564|8486|2921|6728|6256|4480|4951
numeric,152,,,2024|-25|291|631|922|5618|8931|3313|6728|6249|4480|4959
numeric,153,,,1|12|13|14|15|16|17|18|19|20|21
numeric,153,,,2015|-16|2|1|3|255|486|230|272|257|777|793
numeric,153,,,2016|-17|2|1|2|255|491|235|271|256|778|793
numeric,153,,,2017|-18|2|1|2|255|487|232|271|256|778|793
numeric,153,,,2018|-19|1|1|2|256|487|231|270|257|779|793
numeric,153,,,2019|-20|1|1|2|255|487|232|270|256|779|793
numeric,153,,,2020|-21|1|1|2|255|487|232|270|256|779|793
numeric,153,,,2021|-22|1|1|2|255|487|231|270|256|779|793
numeric,153,,,2022|-23|1|1|2|255|485|230|269|256|780|794
numeric,153,,,2023|-24|1|1|2|255|483|228|269|256|780|794
numeric,153,,,2024|-25|1|1|2|253|479|226|267|254|782|796
numeric,153,,,2015|-16|86|57|143|698|1083|384|1547|756|4445|5237
numeric,153,,,2016|-17|88|62|150|691|1082|391|1546|752|4447|5240
numeric,153,,,2017|-18|86|73|160|673|1060|386|1550|746|4455|5258
numeric,153,,,2018|-19|89|88|177|648|1029|381|1548|736|4454|5266
numeric,153,,,2019|-20|90|93|183|638|1024|386|1545|731|4456|5271
numeric,153,,,2020|-21|100|92|191|621|997|376|1544|712|4457|5289
numeric,153,,,2021|-22|108|97|205|594|969|376|1541|691|4460|5310
numeric,153,,,2022|-23|152|64|216|568|932|364|1540|633|4461|5369
numeric,153,,,2023|-24|160|47|207|551|907|356|1564|598|4438|5404
numeric,153,,,2024|-25|165|43|208|527|851|323|1562|570|4441|5432
numeric,153,,,2015|-16|547|1161|1708|16469|26203|9734|18863|17630|5307|6541
numeric,153,,,2016|-17|520|1090|1610|16564|26949|10385|18848|17654|5323|6516
numeric,153,,,2017|-18|552|1061|1613|16542|26864|10322|18826|17602|5344|6568
numeric,153,,,2018|-19|594|987|1581|16538|26859|10321|18775|17524|5395|6646
numeric,153,,,2019|-20|618|992|1610|16368|27109|10741|18614|17360|5557|6811
numeric,153,,,2020|-21|618|992|1610|16368|27109|10741|18614|17360|5557|6811
numeric,153,,,2021|-22|596|966|1562|16096|28200|12104|18264|17062|5250|6451
numeric,153,,,2022|-23|591|920|1512|16121|28237|12116|18227|17041|5288|6474
numeric,153,,,2023|-24|534|821|1355|16365|29783|13418|18237|17187|5854|6904
numeric,153,,,2024|-25|441|719|1160|16684|32311|15627|18321|17403|5772|6690
numeric,153,,,2015|-16|11|328|339|5243|9881|4638|5648|5571|3036|3113
numeric,153,,,2016|-17|10|313|322|5246|9618|4372|5633|5559|3052|3126
numeric,153,,,2017|-18|7|308|315|5247|9945|4698|5625|5555|3060|3129
numeric,153,,,2018|-19|6|301|307|5248|9960|4711|5615|5549|3069|3135
numeric,153,,,2019|-20|5|300|305|5250|10100|4850|5608|5550|3076|3134
numeric,153,,,2020|-21|6|259|265|5282|10207|4925|5602|5541|3082|3143
numeric,153,,,2021|-22|6|254|260|5281|10259|4978|5595|5535|3089|3149
numeric,153,,,2022|-23|6|314|320|5216|9974|4758|5589|5529|3095|3155
numeric,153,,,2023|-24|6|278|284|5245|10133|4887|5583|5524|3101|3161
numeric,153,,,2024|-25|6|244|250|5274|10683|5410|5577|5518|3107|3166
numeric,153,,,2015|-16|3|3|6|15|48|33|28|17|730|740
numeric,153,,,2016|-17|3|3|6|15|44|30|28|17|730|740
numeric,153,,,2017|-18|3|3|6|15|49|34|28|17|730|740
numeric,153,,,2018|-19|3|3|6|15|41|26|28|17|730|740
numeric,153,,,2019|-20|3|3|6|15|46|31|28|17|687|697
numeric,153,,,2020|-21|3|3|6|15|40|25|28|17|687|697
numeric,153,,,2021|-22|3|3|6|15|39|25|28|17|687|697
numeric,153,,,2022|-23|3|3|6|15|39|25|28|17|687|697
numeric,153,,,2023|-24|4|1|4|10|16|6|22|11|693|704
numeric,153,,,2024|-25|4|1|5|11|16|6|23|12|736|748
numeric,153,,,2015|-16|0|0|0|1|1|0|1|1|6|6
numeric,153,,,2016|-17|0|0|0|1|1|0|1|1|6|6
numeric,153,,,2017|-18|0|0|0|1|2|1|1|1|6|6
numeric,153,,,2018|-19|0|0|0|1|1|0|1|1|6|6
numeric,153,,,2019|-20|0|0|0|1|3|1|1|1|8|8
numeric,153,,,2020|-21|0|0|0|1|2|1|1|1|8|8
numeric,153,,,2021|-22|0|0|0|1|2|1|1|1|8|8
numeric,153,,,2022|-23|0|0|0|1|2|1|1|1|8|8
numeric,153,,,2023|-24|0|0|0|1|1|0|1|1|8|8
numeric,153,,,2024|-25|0|0|0|1|2|1|1|1|6|6
numeric,154,,,1|12|13|14|15|16|17|18|19|20|21
numeric,154,,,2019|-20|0|0|0|23|23|0|23|23|24|25
numeric,154,,,2020|-21|0|0|0|23|23|0|23|23|24|25
numeric,154,,,2021|-22|0|0|0|23|23|0|23|23|24|25
numeric,154,,,2022|-23|1|0|1|21|21|0|22|21|34|35
numeric,154,,,2023|-24|1|0|1|21|21|0|22|22|34|34
numeric,154,,,2024|-25|0|0|0|21|21|0|22|21|33|33
numeric,154,,,2015|-16|2|2|4|19|23|5|24|21|25|28
numeric,154,,,2016|-17|2|2|5|19|23|4|24|21|25|28
numeric,154,,,2017|-18|2|2|4|19|23|4|24|21|25|28
numeric,154,,,2018|-19|0|0|0|20|20|0|20|20|24|24
numeric,154,,,2015|-16|0|0|0|3|3|0|3|3|0|0
numeric,154,,,2016|-17|0|0|0|3|3|0|3|3|0|0
numeric,154,,,2017|-18|0|0|0|3|3|0|3|3|0|0
numeric,154,,,2018|-19|0|0|0|3|3|0|3|3|0|0
numeric,154,,,2015|-16|8|12|20|22|58|37|53|34|95|114
numeric,154,,,2016|-17|8|12|20|22|57|35|53|34|95|114
numeric,154,,,2017|-18|8|12|20|22|59|37|53|34|95|114
numeric,154,,,2018|-19|8|12|20|22|59|37|53|34|95|114
numeric,154,,,2019|-20|8|12|20|22|58|36|53|34|113|132
numeric,154,,,2020|-21|8|12|20|22|58|37|53|34|113|132
numeric,154,,,2021|-22|8|12|20|22|58|37|53|34|113|132
numeric,154,,,2022|-23|19|19|22|52|30|52|22|112|143
numeric,154,,,2023|-24|19|19|28|47|19|59|28|112|143
numeric,154,,,2024|-25|19|0|19|28|47|19|58|28|93|123
numeric,154,,,2015|-16|20|114|134|754|1159|405|1077|868|2981|3189
numeric,154,,,2016|-17|22|101|124|757|1177|420|1078|858|2980|3199
numeric,154,,,2017|-18|26|105|131|752|1165|413|1081|857|3039|3263
numeric,154,,,2018|-19|36|121|157|713|1124|411|1091|835|3038|3295
numeric,154,,,2019|-20|37|97|135|720|1090|370|1071|817|2774|3028
numeric,154,,,2020|-21|38|82|120|736|1112|376|1074|818|2771|3028
numeric,154,,,2021|-22|37|88|125|733|1134|401|1075|821|2768|3023
numeric,154,,,2022|-23|37|98|136|733|1134|400|1094|832|2763|3026
numeric,154,,,2023|-24|40|95|134|738|1126|388|1095|833|2771|3033
numeric,154,,,2024|-25|41|102|143|729|1128|399|1097|831|1273|1539
numeric,154,,,2019|-20|1|1|2|20|22|1|28|21|264|271
numeric,154,,,2020|-21|1|1|2|20|22|1|28|21|265|272
numeric,154,,,2021|-22|1|1|2|20|22|1|28|21|264|271
numeric,154,,,2022|-23|1|2|3|22|23|1|32|24|263|271
numeric,154,,,2023|-24|1|2|3|22|23|1|32|24|263|271
numeric,154,,,2024|-25|1|2|3|22|23|1|32|24|39|47
numeric,154,,,2015|-16|2|2|0|2|2|1|1
numeric,154,,,2016|-17|2|2|0|2|2|1|1
numeric,154,,,2017|-18|2|2|0|2|2|1|1
numeric,154,,,2018|-19|3|3|0|3|3|0|0
numeric,154,,,2019|-20|2|2|0|2|2|3|3
numeric,154,,,2020|-21|2|2|0|2|2|3|3
numeric,154,,,2021|-22|2|2|0|2|2|3|3
numeric,154,,,2022|-23|2|2|0|2|2|3|3
numeric,154,,,2023|-24|2|2|0|2|2|3|3
numeric,154,,,2024|-25|0|0|2|2|0|2|2|1|1
numeric,154,,,2015|-16|3|5|8|15|26|11|29|20|20|28
numeric,154,,,2016|-17|3|5|8|15|26|11|29|20|20|29
numeric,154,,,2017|-18|3|4|8|15|26|11|29|19|20|29
numeric,154,,,2018|-19|3|4|7|15|27|11|28|19|20|29
numeric,154,,,2019|-20|3|4|7|15|27|12|28|19|20|29
numeric,154,,,2020|-21|3|4|7|15|27|11|28|19|20|29
numeric,154,,,2021|-22|3|4|6|16|28|12|28|20|21|29
numeric,154,,,2022|-23|3|3|6|16|30|13|28|19|21|29
numeric,155,,,1|12|13|14|15|16|17|18|19|20|21
numeric,155,,,2023|-24|3|3|5|16|30|14|28|19|21|30
numeric,155,,,2024|-25|3|4|7|15|26|12|27|18|21|30
numeric,155,,,2015|-16|11310|15711|27021|138974|198122|59148|181371|154685|126122|152809
numeric,155,,,2016|-17|11288|15298|26586|139000|201158|62159|180923|154298|127135|153760
numeric,155,,,2017|-18|11640|14988|26629|138770|200876|62106|180817|153759|126692|153750
numeric,155,,,2018|-19|11654|15214|26868|138439|201179|62740|180624|153653|126904|153875
numeric,155,,,2019|-20|11242|13770|25012|139901|211359|71457|179992|153671|126550|152871
numeric,155,,,2020|-21|10818|12986|23804|141544|216105|74561|180266|154530|126716|152452
numeric,155,,,2021|-22|10917|13255|24172|141007|219158|78152|180112|154262|126374|152224
numeric,155,,,2022|-23|11128|13498|24626|140705|219357|78652|179982|154203|126668|152447
numeric,155,,,2023|-24|11163|14907|26070|139158|217917|78759|179768|154065|127397|153100
numeric,155,,,2024|-25|10610|12839|23448|141371|225790|84419|179428|154210|122443|147661
