page,line,type,state,year,values
149,12,STATE_COMBINED,Andhra Pradesh,,(1) (12) (13) (14) (15) (16) (17) (18) (19) (20) (21) | ANDHRA | PRADESH
149,24,STATE_COMBINED,Arunachal Pradesh,,2024-25(p) 1039 1460 2499 5914 6723 809 8969 7374 7327 8923 | ARUNACHAL | PRADESH
149,35,STATE,Assam,,ASSAM
149,36,STATE_COMBINED,Assam,,ASSAM | 2015-16 88 94 182 2801 4060 1258 3343 2896 4501 4948
149,46,STATE,Bihar,,BIHAR
149,47,STATE_COMBINED,Bihar,,BIHAR | 2015-16 119 961 1081 5205 7572 2368 6578 6166 2782 3193
149,57,STATE,Chhattisgarh,,CHHATTISGARH
149,58,STATE_COMBINED,Chhattisgarh,,CHHATTISGARH | 2015-16 263 281 545 4651 5640 989 5561 4932 8228 8858
149,68,STATE,Goa,,GOA
149,69,STATE_COMBINED,Goa,,GOA | 2015-16 14 14 130 157 27 197 144 164 217
150,13,STATE,Gujarat,,GUJARAT
150,14,STATE_COMBINED,Gujarat,,GUJARAT | 2015-16 19602 18810 2106 1363 2108 3472 804 2 1959 2766
150,24,STATE,Haryana,,HARYANA
150,25,STATE_COMBINED,Haryana,,HARYANA | 2015-16 4421 4371 41 395 113 508 25 8 44 78
150,36,STATE_COMBINED,Himachal Pradesh,,2024-25(p) 4421 4425 30 155 162 317 48 181 103 332 | HIMACHAL | PRADESH
150,47,STATE,Jharkhand,,JHARKHAND
150,48,STATE_COMBINED,Jharkhand,,JHARKHAND | 2015-16 7972 7970 2239 716 586 1302 116 100 363 579
150,58,STATE,Karnataka,,KARNATAKA
150,59,STATE_COMBINED,Karnataka,,KARNATAKA | 2015-16 19179 19050 3073 1476 793 2269 907 276 409 1592
150,69,STATE,Kerala,,KERALA
150,70,STATE_COMBINED,Kerala,,KERALA | 2015-16 3886 3886 1082 541 13 554 3 99 102
151,12,STATE_COMBINED,Madhya Pradesh,,(1) (12) (13) (14) (15) (16) (17) (18) (19) (20) (21) | MADHYA | PRADESH
151,23,STATE,Maharashtra,,MAHARASHTRA*
151,24,STATE_COMBINED,Maharashtra,,MAHARASHTRA* | 2015-16 1255 1477 2732 17192 23467 6275 21062 18669 9696 12089
151,34,STATE,Manipur,,MANIPUR*
151,35,STATE_COMBINED,Manipur,,MANIPUR* | 2015-16 0 0 0 437 437 444 437 1728 1734
151,45,STATE,Meghalaya,,MEGHALAYA
151,46,STATE_COMBINED,Meghalaya,,MEGHALAYA | 2015-16 153 60 213 245 303 57 1008 305 1185 1887
151,56,STATE,Mizoram,,MIZORAM
151,57,STATE_COMBINED,Mizoram,,MIZORAM | 2015-16* 127 47 174 145 188 44 367 191 1672 1848
151,67,STATE,Nagaland,,NAGALAND
151,68,STATE_COMBINED,Nagaland,,NAGALAND | 2015-16 100 50 150 384 504 120 695 434 958 1219
152,11,STATE,Odisha,,ODISHA
152,12,STATE_COMBINED,Odisha,,ODISHA | 2015-16 655 1028 1683 4198 4803 605 6648 5226 8779 10201
152,22,STATE,Punjab,,PUNJAB
152,23,STATE_COMBINED,Punjab,,PUNJAB | 2015-16 6 77 82 4137 7872 3734 4245 4214 788 819
152,33,STATE,Rajasthan,,RAJASTHAN
152,34,STATE_COMBINED,Rajasthan,,RAJASTHAN | 2015-16 1966 1597 3563 18024 25014 6989 25504 19622 8764 14646
152,44,STATE,Sikkim,,SIKKIM*
152,45,STATE_COMBINED,Sikkim,,SIKKIM* | 2015-16 5 7 12 77 137 59 97 84 346 358
152,55,STATE,Tamil Nadu,,TAMIL NADU
152,56,STATE_COMBINED,Tamil Nadu,,TAMIL NADU | 2015-16 1729 989 2718 4833 6074 1241 8110 5822 4923 7211
152,66,STATE,Telangana,,TELANGANA
152,67,STATE_COMBINED,Telangana,,TELANGANA | 2015-16 822 1578 2400 4175 4893 719 6870 5753 4338 5455
153,11,STATE,Tripura,,TRIPURA
153,12,STATE_COMBINED,Tripura,,TRIPURA | 2015-16 2 1 3 255 486 230 272 257 777 793
153,22,STATE,Uttarakhand,,UTTARAKHAND
153,23,STATE_COMBINED,Uttarakhand,,UTTARAKHAND | 2015-16 86 57 143 698 1083 384 1547 756 4445 5237
153,33,STATE,Uttar Pradesh,,UTTAR PRADESH
153,34,STATE_COMBINED,Uttar Pradesh,,UTTAR PRADESH | 2015-16 547 1161 1708 16469 26203 9734 18863 17630 5307 6541
153,44,STATE,West Bengal,,WEST BENGAL
153,45,STATE_COMBINED,West Bengal,,WEST BENGAL | 2015-16 11 328 339 5243 9881 4638 5648 5571 3036 3113
153,56,STATE_COMBINED,Nicobar Islands,,2024-25(p) 6 244 250 5274 10683 5410 5577 5518 3107 3166 | NICOBAR | ISLANDS*
153,67,STATE,Chandigarh,,CHANDIGARH
153,68,STATE_COMBINED,Chandigarh,,CHANDIGARH | 2015-16* 0 0 0 1 1 0 1 1 6 6
154,20,STATE_COMBINED,Dadra & Nagar Haveli,,2024-25(p) 0 0 0 21 21 0 22 21 33 33 | DADRA & NAGAR | HAVELI
154,25,STATE,Daman & Diu,,DAMAN & DIU
154,26,STATE_COMBINED,Daman & Diu,,DAMAN & DIU | 2015-16 0 0 0 3 3 0 3 3 0 0
154,30,STATE,Delhi,,DELHI
154,31,STATE_COMBINED,Delhi,,DELHI | 2015-16* 8 12 20 22 58 37 53 34 95 114
154,42,STATE_COMBINED,Jammu & Kashmir,,2024-25(p) 19 0 19 28 47 19 58 28 93 123 | JAMMU & | KASHMIR
154,53,STATE,Ladakh,,LADAKH
154,54,STATE_COMBINED,Ladakh,,LADAKH | 2019-20* 1 1 2 20 22 1 28 21 264 271
154,60,STATE,Lakshadweep,,LAKSHADWEEP
154,61,STATE_COMBINED,Lakshadweep,,LAKSHADWEEP | 2015-16 2 2 0 2 2 1 1
154,71,STATE,Puducherry,,PUDUCHERRY
154,72,STATE_COMBINED,Puducherry,,PUDUCHERRY | 2015-16 3 5 8 15 26 11 29 20 20 28
